timestamp,model_type,seed,dataset,z_dim,z_dim_effective,kappa_clip,kappa_temp,epoch,accept_rate_mean,attempts_mean,attempts_p90,attempts_max,kappa_obs_mean,kappa_obs_p90,kappa_obs_max,accept_est_from_attempts,accept_gap,train_epoch_seconds,train_seconds_per_batch,recon loss,KL,KL_per_dim,ELBO,LL,Delta_sigmoid,Delta_logits,Delta_sig_median,Delta_sig_p90,spread_proxy_mean,corr_delta_spread_sigmoid
2026-02-04T12:49:08,vmf,0,mnist,20,21,,1.0,1,0.9671816423955466,1.0347481343283582,1.0069296212592866,1.9381663113006398,11.82207395666952,24.90869395082185,114.76629638671875,0.9664187514086094,0.0007628909869371592,3.2174965829999564,0.0034301669328357745,174.62427049381716,5.906761743460491,0.28127436873621386,-180.53103223727766,-176.24724185238978,0.02843569964170456,0.6335241198539734,0.028094720095396042,0.038953136652708054,24.561391830444336,-0.4582679400355907
2026-02-04T12:49:12,vmf,0,mnist,20,21,,1.0,2,0.8809243028872542,1.1396755063965884,1.544989016518664,2.8230277185501067,45.03059159870595,63.752595551740896,160.29664611816406,0.8774427408392651,0.0034815620479891063,3.42858649999971,0.003655209488272612,134.53997098108766,13.835262438294235,0.658822020871154,-148.37523341938189,-143.10690040345403,0.033808112144470215,0.9650183916091919,0.0333748385310173,0.04302354156970978,63.388160705566406,-0.11641521064610706
2026-02-04T12:49:17,vmf,0,mnist,20,21,,1.0,3,0.7911937231237668,1.2684901385927505,2.0095947851250164,3.609808102345416,83.57031950310095,112.8661281772768,226.74392700195312,0.7883388049901511,0.0028549181336157137,3.4919684159999633,0.003722780827292072,119.76090269635438,16.900211473938764,0.804771974949465,-136.66111417029313,-130.34808903590888,0.03544241562485695,1.0914491415023804,0.035254526883363724,0.04680204018950462,91.2962646484375,0.2603893769449487
2026-02-04T12:49:21,vmf,0,mnist,20,21,,1.0,4,0.7630961646039043,1.3154484275053304,2.0583153991048526,3.8272921108742004,116.53979454772559,158.99508669432294,310.7732238769531,0.760197039344553,0.0028991252593513206,3.4053605830004017,0.0036304483827296393,108.07711252589135,19.56266169942868,0.9315553190204133,-127.63977422532002,-122.24646423728603,0.03315997123718262,1.1133532524108887,0.032553981989622116,0.04344263672828674,124.46876525878906,0.37951900917769227
2026-02-04T12:49:25,vmf,0,mnist,20,21,,1.0,5,0.748364117508182,1.341751066098081,2.0941362685994553,3.9925373134328357,143.09472768494823,195.59535632102984,347.9306945800781,0.7452947310920197,0.0030693864161622786,3.3854137500002253,0.003609183102345656,101.02151931471126,21.068471398323204,1.0032605427772954,-122.08999071303447,-116.87727467725232,0.032886724919080734,1.1763464212417603,0.03322814404964447,0.04280637577176094,145.105712890625,0.5042618442403942
2026-02-04T12:49:30,vmf,0,mnist,20,21,,1.0,6,0.7458358050303392,1.3462653251599148,2.11023433986249,3.970149253731343,164.7002663358188,225.7804294090027,391.02093505859375,0.7427956297405313,0.0030401752898079337,3.446058708000237,0.0036738365756932164,96.67621729176516,21.999915505670437,1.0476150240795445,-118.67613279743559,-113.6079549607198,0.03264555335044861,1.2215224504470825,0.03337278217077255,0.04135176166892052,161.5982208251953,0.559142173531487
2026-02-04T12:49:34,vmf,0,mnist,20,21,,1.0,7,0.7367267633786281,1.3630230543710022,2.140191621109367,4.084221748400853,180.95415366687246,250.3598457612971,442.74835205078125,0.7336633058356248,0.0030634575430033006,3.3766381669997827,0.003599827470149022,93.40571166603428,22.93917896489429,1.0923418554711566,-116.34489063092857,-111.27782775490147,0.03202296793460846,1.284133791923523,0.03204356133937836,0.04105111211538315,178.39852905273438,0.6065438016378683
2026-02-04T12:49:38,vmf,0,mnist,20,21,,1.0,8,0.7366408357258281,1.3630063965884862,2.119722579842183,4.097014925373134,194.040455555865,268.94181171409105,470.47821044921875,0.7336722721939772,0.0029685635318508208,3.449939582999832,0.003677973969082977,90.74569643834595,23.47206192259576,1.1177172344093218,-114.2177583609417,-109.366413335132,0.030437422916293144,1.3329434394836426,0.031348396092653275,0.03919108957052231,189.17608642578125,0.5996341481855342
2026-02-04T12:49:43,vmf,0,mnist,20,21,,1.0,9,0.7369443996378642,1.3623400852878464,2.137526392174174,4.108742004264393,203.89644726913875,283.1991669384401,491.2489929199219,0.7340311063288663,0.002913293308997922,3.3946198339999683,0.0036189976908315227,89.0888846330582,23.882534889658544,1.1372635661742163,-112.97141952271674,-108.1069676587536,0.03062119334936142,1.3733258247375488,0.02994772419333458,0.041671060025691986,197.9958953857422,0.6549735329713771
2026-02-04T12:49:47,vmf,0,mnist,20,21,,1.0,10,0.732620283536737,1.3702192164179106,2.1492534385307005,4.159914712153518,214.32770782340563,297.68504357897143,542.2910766601562,0.7298102289166879,0.0028100546200491294,3.4313388330001544,0.0036581437452027233,87.0594885759293,24.263767862016227,1.1554175172388679,-111.32325643794552,-106.55096595909944,0.030658671632409096,1.4045747518539429,0.030776191502809525,0.04037340730428696,207.61273193359375,0.6791142628120451
2026-02-04T12:49:52,vmf,0,mnist,20,21,,1.0,11,0.7323091026857338,1.3713686034115138,2.1651382771636376,4.11407249466951,224.73087948471752,312.05156894838376,548.9147338867188,0.7291985520977577,0.0031105505879760464,3.391017749999719,0.0036151575159911716,85.2556712156648,24.813190946153775,1.1815805212454178,-110.06886216181859,-105.5082454316935,0.030769754201173782,1.416401982307434,0.03150361031293869,0.039939410984516144,218.61184692382812,0.6402641271526301
2026-02-04T12:49:56,vmf,0,mnist,20,21,,1.0,12,0.7319809251488076,1.3716851012793176,2.161193684982593,4.1727078891258,233.87367022418772,324.2628500802176,577.169921875,0.7290302993502945,0.002950625798513129,3.4695693339999707,0.0036989012089551927,83.5387689383926,25.165716705808215,1.1983674621813436,-108.7044856442008,-104.08330161708176,0.029732607305049896,1.47557532787323,0.030547751113772392,0.03894152492284775,227.7428436279297,0.636969546485638
2026-02-04T12:50:00,vmf,0,mnist,20,21,,1.0,13,0.7298677761871781,1.3754331023454158,2.156183059789987,4.132196162046908,241.77734851633815,335.57783918238397,599.3114013671875,0.7270437204795931,0.002824055707585038,3.394044208000196,0.003618384017057778,82.55797290194566,25.323879412025402,1.2058990196202573,-107.88185231397107,-103.28165426072042,0.029852204024791718,1.486837387084961,0.02952173911035061,0.03831878677010536,232.55154418945312,0.6299266152691713
2026-02-04T12:50:05,vmf,0,mnist,20,21,,1.0,14,0.7297469715692909,1.3766824360341152,2.1876329694475447,4.157782515991471,248.83027185305858,346.0004014460517,623.4985961914062,0.7263839312723093,0.0033630402969816453,3.4444310420003603,0.003672101324094201,81.39559319368593,25.558853173711498,1.2170882463672141,-106.95444636739742,-102.50536258964782,0.02985205501317978,1.5365283489227295,0.03015241026878357,0.0388396717607975,238.62429809570312,0.6137228431459687
2026-02-04T12:50:09,vmf,0,mnist,20,21,,1.0,15,0.7280942118400395,1.3796641791044777,2.168549804036805,4.173773987206823,256.014867802927,356.1542505780771,643.878173828125,0.7248140635564571,0.0032801482835824736,3.4072011670000393,0.0036324106257996152,80.72867632823385,25.87669197617063,1.2322234274366966,-106.60536830440448,-102.08685161809252,0.02951296791434288,1.532214641571045,0.029522636905312538,0.03908524289727211,246.99949645996094,0.6479566768239414
2026-02-04T12:50:14,vmf,0,mnist,20,21,,1.0,16,0.7288797739311051,1.3777318763326225,2.160021019388618,4.2366737739872065,260.72202061895115,362.4643966902548,694.5234375,0.7258306330705615,0.003049140860543642,3.4268444580002324,0.0036533523006399065,79.66478714669586,26.08718203890855,1.24224676375755,-105.75196918560441,-101.46604987466411,0.02895989641547203,1.5611010789871216,0.02953123301267624,0.03738195076584816,252.22972106933594,0.6920410517909366
2026-02-04T12:50:18,vmf,0,mnist,20,21,,1.0,17,0.7263028421556469,1.382829157782516,2.1836883772664994,4.134328358208955,263.9750282434004,368.33120109379166,675.4560546875,0.7231551304599224,0.0031477116957244755,3.4186712080004327,0.003644638814499395,79.27532929827453,26.139446708047466,1.2447355575260697,-105.414776006322,-101.05302468075115,0.0292978435754776,1.619654655456543,0.02974453940987587,0.03717745840549469,252.87362670898438,0.6798501439222808
2026-02-04T12:50:23,vmf,0,mnist,20,21,,1.0,18,0.730046439674701,1.3761827025586353,2.1825156466030617,4.176972281449894,268.29541625651217,372.82912303542275,679.7586669921875,0.7266477032015979,0.00339873647310307,3.3944668340000135,0.0036188345778251745,78.6444277429277,26.174893433880655,1.2464234968514598,-104.81932117680834,-100.48352079938172,0.02940404787659645,1.662331223487854,0.02925173006951809,0.03811326622962952,254.8722381591797,0.6644435435435829
2026-02-04T12:50:27,vmf,0,mnist,20,21,,1.0,19,0.7271786834038033,1.380980143923241,2.181342970841983,4.176972281449894,273.1992659904301,379.6867481548903,690.8326416015625,0.7241233730986816,0.003055310305121739,3.451400082999953,0.0036795310053304403,78.14026636986216,26.332934580031473,1.2539492657157845,-104.47320094989364,-100.13312554815013,0.02873002551496029,1.6762747764587402,0.028707994148135185,0.038001999258995056,259.83642578125,0.6539194948302967
2026-02-04T12:50:31,vmf,0,mnist,20,21,,1.0,20,0.7294469022889029,1.3765658315565032,2.177505021410456,4.180170575692964,276.9338898811259,385.26777850641116,698.03662109375,0.7264454609259662,0.0030014413629366743,3.4003858330002004,0.003625144811300853,77.41938086831645,26.559659714911394,1.2647457007100664,-103.97904058322786,-99.83850622480841,0.0287555530667305,1.7182118892669678,0.02938903123140335,0.0367947556078434,265.7319030761719,0.6591791599796202
2026-02-04T12:50:36,vmf,1,mnist,20,21,,1.0,1,0.9703792226349743,1.03116671108742,1.0014925308064866,1.939232409381663,12.328099427446881,25.681102141007177,88.91595458984375,0.9697752936045102,0.0006039290304641343,3.2423436249996485,0.0034566563166307553,174.69428326066134,5.717530004537789,0.2722633335494185,-180.4118132651991,-176.0843126819392,0.02895413339138031,0.6674932241439819,0.02778683230280876,0.04043746739625931,23.812570571899414,-0.5968890350148461
2026-02-04T12:50:40,vmf,1,mnist,20,21,,1.0,2,0.8786708662326995,1.1430736940298507,1.5643919922395555,2.8805970149253732,45.94323162534344,65.71726021431148,168.2020263671875,0.8748342344180353,0.0038366318146642042,3.4000255410001046,0.003624760704690943,133.9022387850816,13.849738570535258,0.659511360501679,-147.75197735561687,-142.5752697112454,0.0350986123085022,0.9783631563186646,0.034970808774232864,0.046095483005046844,63.514495849609375,-0.11012085619270885
2026-02-04T12:50:44,vmf,1,mnist,20,21,,1.0,3,0.7876851767745914,1.2739039179104477,2.015564908350963,3.600213219616205,87.96816811632755,118.51370880192023,245.60609436035156,0.7849885583524028,0.0026966184221886014,3.3324422499999855,0.0035527102878464664,116.03421035086274,17.762339294336403,0.8458256806826858,-133.79654964519915,-128.6291746880598,0.03460269421339035,1.0582594871520996,0.03548730909824371,0.04290692135691643,101.07256317138672,0.3103390805744232
2026-02-04T12:50:49,vmf,1,mnist,20,21,,1.0,4,0.7603902223083027,1.32056236673774,2.0732407071697176,3.8411513859275055,119.70873793254275,161.0749035003597,294.44854736328125,0.7572531409253745,0.0031370813829281197,3.3927229160003662,0.003616975390192288,106.10117417839682,19.77274710053851,0.941559385739929,-125.87392127893533,-120.81793310080364,0.033188946545124054,1.1275250911712646,0.0333523191511631,0.043309248983860016,126.32377624511719,0.41877817092664704
2026-02-04T12:50:53,vmf,1,mnist,20,21,,1.0,5,0.7469983942654173,1.34399986673774,2.0999997917777184,3.9829424307036247,149.49364680471197,201.7938717677395,360.8363342285156,0.7440476928225276,0.0029507014428896694,3.3670013330001893,0.003589553659914914,99.15986147352085,21.642956812670278,1.030616991079537,-120.80281828619113,-115.63309556511557,0.03284342959523201,1.1414576768875122,0.033772312104701996,0.043259602040052414,155.10186767578125,0.5457498756849658
2026-02-04T12:50:58,vmf,1,mnist,20,21,,1.0,6,0.743146635965806,1.3509461620469083,2.122601019039845,4.036247334754798,171.53549646568706,232.87976436981006,393.8919677734375,0.7402219482120839,0.0029246877537221216,3.3841217499998493,0.0036078057036245726,94.29868331228852,22.55064348354461,1.0738401658830767,-116.84932679583312,-112.06113390102507,0.03199119493365288,1.236045002937317,0.031719326972961426,0.04164997860789299,170.35389709472656,0.5415793750174985
2026-02-04T12:51:02,vmf,1,mnist,20,21,,1.0,7,0.7397222972639107,1.357276119402985,2.1350743633343465,4.052238805970149,189.25704851943547,259.42594366337954,434.6209411621094,0.7367697594501719,0.0029525378137388314,3.476040790999832,0.0037058004168441707,91.4357580683034,23.242885613897045,1.1068040768522402,-114.67864368220044,-109.8203403448603,0.03234319016337395,1.2658650875091553,0.03315176069736481,0.042579177767038345,184.1807403564453,0.6184099284695209
2026-02-04T12:51:06,vmf,1,mnist,20,21,,1.0,8,0.7363914709674801,1.3636060767590619,2.127078676528768,4.113006396588486,203.28049940747746,279.2502762198702,482.2442932128906,0.7333496213046665,0.0030418496628136227,3.3874139160002414,0.0036113154754800017,88.95317082496206,23.85320436271133,1.1358668744148253,-112.80637518767338,-107.90272463658813,0.03146817535161972,1.3455426692962646,0.03165165334939957,0.041971590369939804,197.91262817382812,0.6438981813846876
2026-02-04T12:51:11,vmf,1,mnist,20,21,,1.0,9,0.73265183696994,1.3699027185501067,2.1559698271598897,4.140724946695096,214.33297470841072,294.52192572489986,520.3109130859375,0.7299788418979061,0.00267299507203389,3.4030731249999917,0.0036280097281449807,86.8477487260369,24.591612433172337,1.171029163484397,-111.43936115920923,-106.62788225890725,0.0305723138153553,1.3172953128814697,0.030632469803094864,0.04016893729567528,214.31936645507812,0.6652042366706185
2026-02-04T12:51:15,vmf,1,mnist,20,21,,1.0,10,0.7307029472794295,1.3741837686567164,2.1547971188640798,4.188699360341151,224.65994220400162,310.4985292674636,562.2239379882812,0.7277047093763258,0.0029982379031037176,3.435443125000347,0.0036625193230280886,84.99265799552772,24.786845723534846,1.1803259868349927,-109.77950371906256,-105.30690911165468,0.030086003243923187,1.3905965089797974,0.029623568058013916,0.038861386477947235,218.93186950683594,0.6888323372775773
2026-02-04T12:51:20,vmf,1,mnist,20,21,,1.0,11,0.731778710791826,1.3722181503198294,2.1496798712561636,4.1684434968017055,232.85031337778705,322.6294650665478,562.7728271484375,0.7287471017395633,0.0030316090522627404,3.4625222089998715,0.0036913882825158543,83.85271001925135,24.937910250038097,1.1875195357161,-108.79062026928945,-104.3123652950214,0.03068283013999462,1.44036865234375,0.030940700322389603,0.038975924253463745,223.15005493164062,0.6937116547666835
2026-02-04T12:51:24,vmf,1,mnist,20,21,,1.0,12,0.7292864412459849,1.377048907249467,2.1688696367145854,4.1716417910447765,240.78359328149986,334.37320427803087,613.0391235351562,0.7261906201991121,0.003095821046872782,3.411682958000256,0.0036371886545844946,82.64237179118356,25.187811335180974,1.19941958738957,-107.83018312636455,-103.31872874460403,0.03045837953686714,1.4747068881988525,0.029689187183976173,0.03864721581339836,230.72836303710938,0.6616358347429592
2026-02-04T12:51:29,vmf,1,mnist,20,21,,1.0,13,0.7291663583860575,1.376799040511727,2.1565029250024987,4.180170575692964,246.51533070708643,342.6741558798849,607.7294311523438,0.726322412040846,0.0028439463452114566,3.4483682499999304,0.003676298773987133,81.69122965624378,25.64352522686029,1.221120248898109,-107.33475488310407,-102.79416428098253,0.0295503418892622,1.5192315578460693,0.029887955635786057,0.036715779453516006,241.47991943359375,0.7124872370489247
2026-02-04T12:51:33,vmf,1,mnist,20,21,,1.0,14,0.729636317135746,1.3760994136460554,2.1731340290386796,4.144989339019189,253.61652899703492,352.51960416033324,628.723876953125,0.7266916838155187,0.002944633320227208,3.3990770419995897,0.0036237495117266414,80.61631259796725,25.68319208910511,1.2230091471002433,-106.29950468707237,-101.9189405016079,0.030199484899640083,1.551047444343567,0.029737506061792374,0.03799545392394066,242.90562438964844,0.6790747184421354
2026-02-04T12:51:37,vmf,1,mnist,20,21,,1.0,15,0.7301210267423999,1.37524986673774,2.168443171454391,4.11407249466951,259.06942527787265,359.88164704084903,645.0478515625,0.7271405903656778,0.002980436376722073,3.5107916249999107,0.003742848214285619,80.04819002576694,25.91836942684878,1.2342080679451801,-105.96655945261573,-101.53763395661761,0.029813271015882492,1.5878220796585083,0.029262326657772064,0.037032097578048706,248.57009887695312,0.6722059199117489
2026-02-04T12:51:42,vmf,1,mnist,20,21,,1.0,16,0.7279147963724302,1.3793643390191899,2.1872065367220817,4.160980810234541,264.24455462945804,367.0852496507071,645.8442993164062,0.7249716204139796,0.0029431759584506167,3.652819415999602,0.0038942637697223902,79.08141035335079,26.185841991643237,1.246944856744916,-105.26725234499403,-101.0510789907662,0.029794558882713318,1.6114628314971924,0.029560204595327377,0.03786681964993477,255.95826721191406,0.5946840812756911
2026-02-04T12:51:47,vmf,1,mnist,20,21,,1.0,17,0.7270160816972975,1.3815298507462686,2.195841856348489,4.142857142857143,268.22448920796927,372.9627844641712,647.2584838867188,0.723835246455098,0.0031808352421994757,3.731823749999876,0.003978490138592619,79.60546116920034,26.008422074044585,1.2384962892402183,-105.61388324324493,-100.9088693120677,0.02983637899160385,1.6721709966659546,0.030028633773326874,0.037615593522787094,251.87448120117188,0.5921270073810531
2026-02-04T12:51:51,vmf,1,mnist,20,21,,1.0,18,0.7285111470380987,1.378548107675906,2.183048711910939,4.212153518123667,271.9609558495886,378.60907314276136,657.2979125976562,0.7254008724337518,0.0031102746043468743,3.4393101659998138,0.003666641968016859,77.95287191791898,26.363004733043113,1.2553811777639576,-104.3158766509621,-100.0855932053487,0.029347678646445274,1.7039897441864014,0.029833104461431503,0.03610243648290634,261.115966796875,0.6707385829819452
2026-02-04T12:51:56,vmf,1,mnist,20,21,,1.0,19,0.7275643261827202,1.380763592750533,2.1873131367697645,4.160980810234541,277.53372429886355,386.06341087487715,668.1011352539062,0.7242369405235854,0.0033273856591347073,3.462791165999988,0.0036916750170575565,77.51930722765103,26.61085810327226,1.267183719203441,-104.13016533092329,-99.7971381898139,0.028809804469347,1.692835807800293,0.028979670256376266,0.03787684813141823,267.826171875,0.7116035982813336
2026-02-04T12:52:00,vmf,1,mnist,20,21,,1.0,20,0.7250752435466221,1.3852778518123667,2.202771510142507,4.1950959488272925,280.7875512454556,391.09412912722587,717.33154296875,0.7218768413078246,0.0031984022387975264,3.411231915999906,0.0036367077995734607,76.88173209026361,26.623153990241374,1.2677692376305416,-103.50488608050499,-99.2450138262123,0.028975607827305794,1.7519149780273438,0.02856791764497757,0.0381956547498703,269.15899658203125,0.7370233272590415
2026-02-04T12:52:04,vmf,2,mnist,20,21,,1.0,1,0.9675983145942787,1.0342817164179106,1.01023451555004,1.9605543710021323,12.574229770123578,25.762289166069234,85.09233856201172,0.9668545659526493,0.0007437486416294048,3.2475402919999397,0.0034621964733474835,176.3206947472445,5.434201746229913,0.25877151172523394,-181.75489649347438,-177.59975311862436,0.025672491639852524,0.7033587694168091,0.025937994942069054,0.03636430948972702,22.876712799072266,-0.6946197015290269
2026-02-04T12:52:09,vmf,2,mnist,20,21,,1.0,2,0.8657441739021234,1.1604644189765458,1.65117240206265,2.91044776119403,50.14087880750709,69.23757860960482,170.89976501464844,0.8617239646881505,0.004020209213972947,3.409101415999885,0.0036344364776118177,131.56900452048916,14.377060173423427,0.6846219130201632,-145.94606469391258,-140.63130338632376,0.03459794819355011,0.9504578113555908,0.034097954630851746,0.04448038712143898,67.57942199707031,0.09153363105353797
2026-02-04T12:52:13,vmf,2,mnist,20,21,,1.0,3,0.7841047214768946,1.2800339818763327,2.01066088320604,3.6492537313432836,90.08436823602932,120.32745386542543,250.40150451660156,0.7812292596593053,0.002875461817589242,3.39442604199985,0.003618791089552079,116.15516648019195,17.870687752012994,0.8509851310482378,-134.02585423220495,-128.69141324766122,0.033499665558338165,1.0374985933303833,0.033732086420059204,0.04292168468236923,101.7164306640625,0.3626338554750905
2026-02-04T12:52:17,vmf,2,mnist,20,21,,1.0,4,0.7579743567862707,1.3244103144989339,2.068656547237307,3.9125799573560767,122.95454445779959,166.60594583930236,324.017333984375,0.7550530142000076,0.002921342586263087,3.3926292910000484,0.0036168755767591134,106.2683815925744,19.905983311355495,0.9479039672074046,-126.17436490392988,-120.81183162616317,0.03357278183102608,1.1293089389801025,0.033213697373867035,0.044063057750463486,128.49874877929688,0.4756088421971979
2026-02-04T12:52:22,vmf,2,mnist,20,21,,1.0,5,0.747243468439071,1.3433168976545842,2.109594641972198,3.986140724946695,148.35492346790045,200.76730252328966,376.2901306152344,0.7444259814984747,0.0028174869405962477,3.4391108750000967,0.0036664295042644953,99.61338174419039,21.621461722501525,1.0295934153572155,-121.23484346669191,-116.21995826283838,0.032369401305913925,1.162325143814087,0.031779542565345764,0.042436812072992325,154.02023315429688,0.5216523921924066
2026-02-04T12:52:26,vmf,2,mnist,20,21,,1.0,6,0.7439780593249464,1.349646855010661,2.1105541400055388,3.9989339019189765,168.71139214033767,228.4517539376135,406.82769775390625,0.7409345609834366,0.0030434983415098538,3.4395253339998817,0.0036668713582088293,95.16155247779409,22.424670274090616,1.0678414416233626,-117.5862227518847,-112.563684548542,0.03282411769032478,1.201390266418457,0.032681383192539215,0.04182831943035126,168.97122192382812,0.5656351240656121
2026-02-04T12:52:31,vmf,2,mnist,20,21,,1.0,7,0.7393140386681593,1.3582922441364607,2.1329421671723,4.011727078891258,186.2565865750506,253.7972231704289,434.4678955078125,0.7362185894212727,0.003095449246886539,3.384627333000026,0.003608344704690859,92.50734312215428,23.04887904027465,1.097565668584507,-115.55622216242894,-110.56070587741341,0.03211553394794464,1.2125811576843262,0.03192874416708946,0.042392972856760025,179.972412109375,0.6475963996380055
2026-02-04T12:52:35,vmf,2,mnist,20,21,,1.0,8,0.7352974452988816,1.3662046908315566,2.149466660993694,4.1023454157782515,199.02313076255163,272.391661784288,465.6104736328125,0.7319547405384315,0.003342704760450177,3.480112708999968,0.003710141480810201,90.27892250012441,23.575137120143623,1.1226255771496962,-113.85405962026803,-108.99159542010848,0.031465232372283936,1.2905727624893188,0.031867749989032745,0.04023334011435509,190.7257080078125,0.537400408875122
2026-02-04T12:52:39,vmf,2,mnist,20,21,,1.0,9,0.7321804554527457,1.3717517324093818,2.164818477020589,4.1257995735607675,208.4362673728959,285.9559237026711,488.6478576660156,0.7289948876124785,0.003185567840267134,3.415691749999951,0.0036414624200425917,88.03144272725294,24.116079986475075,1.1483847612607179,-112.14752271372801,-107.4483226606041,0.03132506459951401,1.2919024229049683,0.03185497969388962,0.0398184172809124,201.36859130859375,0.5733536916450793
2026-02-04T12:52:44,vmf,2,mnist,20,21,,1.0,10,0.7366265623082914,1.3635561034115138,2.1476543402112624,4.082089552238806,217.00692820599846,299.0034938885459,513.4049682617188,0.7333764980392636,0.0032500642690277415,3.403305999999702,0.00362825799573529,86.43428428309738,24.352064946654497,1.159622140316881,-110.78634922975188,-106.08358808383821,0.030619822442531586,1.3334931135177612,0.03084797039628029,0.03904036805033684,207.40255737304688,0.6258638315165769
2026-02-04T12:52:48,vmf,2,mnist,20,21,,1.0,11,0.7345214281150161,1.3673540778251598,2.1466948096431904,4.11407249466951,225.5545154238052,311.6106042597594,542.9942626953125,0.7313394651885241,0.003181962926491977,3.4458037079998576,0.003673564720682151,85.32450069743356,24.629042339932386,1.1728115399967802,-109.95354303736596,-105.19317617234151,0.030772510915994644,1.3990378379821777,0.030693961307406425,0.03942039981484413,214.44772338867188,0.6381212324104714
2026-02-04T12:52:53,vmf,2,mnist,20,21,,1.0,12,0.7311490605447437,1.373284248400853,2.1736670618118255,4.126865671641791,232.2768540534892,321.245280511852,542.2518310546875,0.7281813660678546,0.00296769447688916,3.393784417000006,0.0036181070543710087,84.4159604212281,24.918771853112872,1.1866081834815654,-109.33473227434098,-104.5885382488275,0.03026583418250084,1.4151442050933838,0.0307101272046566,0.03985822573304176,222.12673950195312,0.6573097025569234
2026-02-04T12:52:57,vmf,2,mnist,20,21,,1.0,13,0.7331321450961094,1.3698027718550108,2.1561831146923462,4.101279317697228,237.15855876214977,328.2667948838744,561.8297119140625,0.7300321042903005,0.0031000408058088347,3.4621088750000126,0.0036909476279317834,83.27204749234923,25.046560153839696,1.1926933406590332,-108.31860764618892,-103.73927375161723,0.03017268516123295,1.449570894241333,0.030161026865243912,0.0388324037194252,224.5520477294922,0.6131731151200578
2026-02-04T12:53:02,vmf,2,mnist,20,21,,1.0,14,0.7310508622696198,1.3732342750533049,2.156183059789987,4.152452025586354,244.8101011329114,338.7739791382096,588.8056640625,0.7282078653048352,0.0028429969647846276,3.4166953750000175,0.00364253238272923,81.82014285531014,25.493391207069347,1.213971009860445,-107.31353406237949,-102.9818580773226,0.029610197991132736,1.4671403169631958,0.030332501977682114,0.03838026523590088,235.85031127929688,0.6548525454817281
2026-02-04T12:53:06,vmf,2,mnist,20,21,,1.0,15,0.7284406713865348,1.378831289978678,2.1814495810567696,4.1918976545842215,249.61251923778673,345.83467619353013,590.0870971679688,0.7252518906903134,0.003188780696221416,3.433346833000087,0.0036602844701493463,81.36516133691096,25.66028765052747,1.221918459548927,-107.02544898743842,-102.53768075347706,0.02883784845471382,1.4800658226013184,0.02885487489402294,0.03625984117388725,241.46417236328125,0.654819666904677
2026-02-04T12:53:10,vmf,2,mnist,20,21,,1.0,16,0.7278801376497838,1.3795475746268657,2.1711084329243153,4.153518123667378,253.52933080872492,351.3313459384162,609.8713989257812,0.724875327529372,0.0030048101204117605,3.475129458000083,0.003704828846481965,80.67836921837679,25.589386447979386,1.2185422118085423,-106.26775566635618,-101.8358887107509,0.03075244650244713,1.5637003183364868,0.030956143513321877,0.03929973393678665,238.49197387695312,0.6563082191706374
2026-02-04T12:53:15,vmf,2,mnist,20,21,,1.0,17,0.7300373577268794,1.3754164445628998,2.1723877636354363,4.165245202558635,258.57047427895225,356.59156428420465,597.0736083984375,0.7270525257663287,0.00298483196055066,3.413243708000209,0.003638852567164402,80.01837376880039,25.882573583323484,1.232503503967785,-105.90094735212386,-101.44255090215404,0.02948659472167492,1.5797468423843384,0.030557163059711456,0.03745700791478157,246.72914123535156,0.7217915284314737
2026-02-04T12:53:19,vmf,2,mnist,20,21,,1.0,18,0.7265710272518243,1.3824127132196162,2.187099904139667,4.2601279317697225,262.4160203913382,363.23983100939915,633.31884765625,0.7233729771415489,0.0031980501102754078,3.421857583000019,0.0036480358027718754,79.38890119418977,26.132483172568545,1.2444039605985022,-105.52138436675831,-101.19444143696195,0.029398895800113678,1.6198127269744873,0.029917968437075615,0.03752540051937103,252.19439697265625,0.6946835908954445
2026-02-04T12:53:24,vmf,2,mnist,20,21,,1.0,19,0.7288400278917965,1.3780483742004264,2.1904047984304205,4.144989339019189,266.90647745030776,370.1340991835604,641.9353637695312,0.7256639307602113,0.003176097131585176,3.4150068750000173,0.0036407322761194214,79.09989059351052,25.923377310394482,1.2344465385902135,-105.02326790390501,-100.4565228018791,0.029845386743545532,1.670699119567871,0.02969145029783249,0.03740289807319641,248.48948669433594,0.7304679387739237
2026-02-04T12:53:28,vmf,2,mnist,20,21,,1.0,20,0.726953163197141,1.381113406183369,2.1707886653159982,4.1929637526652455,270.2750150928619,375.22905615702877,642.8408813476562,0.7240535031539843,0.002899660043156671,3.4132661670000743,0.00363887651066106,77.8285009785063,26.314801367984455,1.2530857794278312,-104.14330234649076,-99.97849968588277,0.028943365439772606,1.6736555099487305,0.02932189404964447,0.03795766085386276,257.998046875,0.7123730366534019
2026-02-04T12:53:33,vmf,3,mnist,20,21,,1.0,1,0.9688263764238426,1.0328824626865671,1.0052238578227028,1.9061833688699361,12.81060089650693,24.874738635284814,98.96489715576172,0.9681643711898849,0.0006620052339577631,3.2330391670002427,0.0034467368518126254,173.07409133425185,6.705283584108778,0.3192992182908942,-179.77937491836062,-175.77674681062152,0.02833535335958004,0.8523849248886108,0.02973124571144581,0.038430240005254745,26.98369789123535,-0.6509979788091248
2026-02-04T12:53:37,vmf,3,mnist,20,21,,1.0,2,0.8673738533949277,1.158332222814499,1.640404788670001,2.9285714285714284,50.02715343198797,68.28735045736025,157.33456420898438,0.8633101801918402,0.004063673203087426,3.5698328749999746,0.003805791977611913,132.23417177625524,14.000016680188999,0.6666674609613809,-146.23418845644423,-140.62016583096448,0.03511466458439827,0.9766039848327637,0.03519391268491745,0.04628141596913338,65.09003448486328,-0.10433278228470998
2026-02-04T12:53:42,vmf,3,mnist,20,21,,1.0,3,0.7834710997195606,1.280900186567164,2.0171640717398636,3.6748400852878467,89.95303965326565,119.2629502790569,246.4593048095703,0.7807009558488849,0.0027701438706757564,3.472073417000047,0.0037015708070362975,116.32964631098851,17.847990206092785,0.8499042955282279,-134.17763651708128,-128.63765585346587,0.033758241683244705,1.0701441764831543,0.034198567271232605,0.04156806319952011,103.15571594238281,0.2795437538801537
2026-02-04T12:53:46,vmf,3,mnist,20,21,,1.0,4,0.756768760420766,1.3266424573560767,2.063219456784507,3.866737739872068,122.22861505113939,162.96529423402572,306.32061767578125,0.7537825994148744,0.0029861610058916632,3.3706813750000038,0.0035934769456290017,104.56593410224671,20.29454685624238,0.966406993154399,-124.86048095848909,-119.69582007341324,0.03308612108230591,1.085343599319458,0.034199975430965424,0.04279319569468498,135.55166625976562,0.3785700515439719
2026-02-04T12:53:50,vmf,3,mnist,20,21,,1.0,5,0.7465294443078527,1.3449493603411513,2.1063963802638592,3.922174840085288,155.7656165572372,211.29044189127777,393.82501220703125,0.7435224176368591,0.0030070266709936178,3.4328295000000253,0.0036597329424307304,97.7274128130287,21.83605230537949,1.0398120145418805,-119.5634651184082,-114.59393922842233,0.03258344158530235,1.1544816493988037,0.03235701844096184,0.04153676703572273,159.84828186035156,0.5026215720961201
2026-02-04T12:53:55,vmf,3,mnist,20,21,,1.0,6,0.7426326092598853,1.351679104477612,2.0864603819369254,4.052238805970149,176.3056560426887,240.2664069885384,423.85931396484375,0.7398205659075224,0.0028120433523628474,3.3885245840001517,0.00361249955650336,93.8917549765034,22.73390643611835,1.0825669731484928,-116.62566141262175,-111.90825468415667,0.0318337008357048,1.191463589668274,0.031889550387859344,0.042080026119947433,175.9637451171875,0.5532342857296864
2026-02-04T12:53:59,vmf,3,mnist,20,21,,1.0,7,0.7397070031720604,1.357575959488273,2.1222812188967968,4.085287846481877,190.27806284890247,260.79762915507564,467.60552978515625,0.7366070333014306,0.0030999698706297707,3.4404451670002345,0.0036678519904053673,91.2586353083325,23.438741015780504,1.1161305245609765,-114.69737632411301,-110.05895874606576,0.03163998946547508,1.216464877128601,0.031503673642873764,0.041810449212789536,190.22250366210938,0.5866962954880898
2026-02-04T12:54:04,vmf,3,mnist,20,21,,1.0,8,0.7368935262044168,1.3622901119402986,2.134967795821395,4.093816631130064,201.0625974740555,276.4700580100769,515.4732666015625,0.734058033039459,0.002835493164957792,3.3932018340001378,0.003617485963752812,89.81132983553941,23.50817713160424,1.1194370062668686,-113.31950696714365,-108.35154607493406,0.030936017632484436,1.252254843711853,0.030613016337156296,0.03995562717318535,190.06106567382812,0.6990711004707343
2026-02-04T12:54:08,vmf,3,mnist,20,21,,1.0,9,0.7353672669748399,1.365188566098081,2.13869909030288,4.108742004264393,210.86939219981113,290.34661007944203,507.1894836425781,0.7324995424318224,0.0028677245430175358,3.4176504170000044,0.0036435505511727127,88.02127502830166,24.01428967372627,1.1435376035107747,-112.03556470202793,-107.104668489687,0.031618811190128326,1.3064534664154053,0.03108927607536316,0.04232238978147507,201.08197021484375,0.6256886054915152
2026-02-04T12:54:12,vmf,3,mnist,20,21,,1.0,10,0.7320398049739533,1.3716517857142858,2.165777964886826,4.162046908315565,219.57254991348364,302.6148990720574,548.7918701171875,0.7290480065093572,0.002991798464596074,3.4554553749999286,0.0036838543443496042,85.97110699696147,24.375040637459726,1.1607162208314155,-110.34614763442119,-105.57825664350182,0.030487241223454475,1.3594094514846802,0.030132200568914413,0.03958231210708618,208.83538818359375,0.6086856240158971
2026-02-04T12:54:17,vmf,3,mnist,20,21,,1.0,11,0.7322697874542992,1.371202025586354,2.1557566595992554,4.107675906183369,230.66815336833378,319.4390294902614,549.5165405273438,0.7292871373730502,0.002982650081248983,3.4462917500000003,0.003674085021321962,83.84567542592431,25.09768066892199,1.1951276509010471,-108.9433560948463,-104.40694607291252,0.029845336452126503,1.3926374912261963,0.02984253317117691,0.038117919117212296,225.23336791992188,0.6432689344282639
2026-02-04T12:54:21,vmf,3,mnist,20,21,,1.0,12,0.7312418542824795,1.373134328358209,2.1603408846011294,4.1471215351812365,240.41312598775446,334.0840359100147,575.4478759765625,0.7282608695652174,0.0029809847172620474,3.4067819169999893,0.003631963664179093,82.49453652740284,25.35588531737115,1.2074231103510071,-107.85042184477399,-103.3595255469061,0.029673932120203972,1.4362077713012695,0.030321244150400162,0.03852701932191849,232.28475952148438,0.6793729390989355
2026-02-04T12:54:26,vmf,3,mnist,20,21,,1.0,13,0.7304899028743443,1.3745335820895523,2.1679101712159765,4.154584221748401,246.6221530645895,342.5504906823132,602.2699584960938,0.7275195113674923,0.002970391506852077,3.4783274999999776,0.003708238272921085,81.61540542894109,25.52098490478127,1.2152849954657747,-107.13639033372235,-102.6661487263479,0.02935829758644104,1.4665145874023438,0.029083872213959694,0.038488395512104034,236.21475219726562,0.6716929578249681
2026-02-04T12:54:30,vmf,3,mnist,20,21,,1.0,14,0.7323587599678331,1.3713686034115138,2.161726815359933,4.137526652452026,253.03093252609025,350.41356579225453,612.5133666992188,0.7291985520977577,0.0031602078700753156,3.4748986670001614,0.003704582800639831,80.52796591011582,25.782784103587936,1.2277516239803778,-106.31075001370375,-102.00344527906672,0.02960076369345188,1.4878637790679932,0.029437709599733353,0.037269897758960724,242.9678955078125,0.6731030591656377
2026-02-04T12:54:35,vmf,3,mnist,20,21,,1.0,15,0.7276256731110324,1.3804637526652452,2.1779314866706505,4.180170575692964,257.1452486082943,356.2901164626262,626.8172607421875,0.7243942465488946,0.003231426562137818,3.4103741669996452,0.003635793355010283,80.02175125802398,25.941584969781765,1.2353135699896078,-105.96333622780575,-101.56086410230891,0.029220523312687874,1.528598427772522,0.029325051233172417,0.037596605718135834,246.25918579101562,0.6855227277386245
2026-02-04T12:54:39,vmf,3,mnist,20,21,,1.0,16,0.7285505147913331,1.3782149520255864,2.177078588684993,4.201492537313433,262.28517835735005,364.11064177230475,633.2743530273438,0.7255762234550442,0.0029742913362889034,3.4743890830000055,0.0037040395341151446,79.36454359892826,26.090761464112884,1.242417212576804,-105.45530506304115,-101.03982466193521,0.029354823753237724,1.591271996498108,0.029375508427619934,0.03833896666765213,249.904052734375,0.6930832064041719
2026-02-04T12:54:43,vmf,3,mnist,20,21,,1.0,17,0.7286630202814457,1.3781483208955223,2.1726009962655333,4.17590618336887,267.5074800438464,372.013368488629,660.05712890625,0.7256113038328116,0.003051716448634112,3.4068154579999828,0.003631999422174822,78.24545676844895,26.282867091476536,1.2515650995941208,-104.52832385992548,-100.3775437956403,0.028542157262563705,1.6061781644821167,0.02821030095219612,0.036335766315460205,255.82688903808594,0.7105367825366262
2026-02-04T12:54:48,vmf,3,mnist,20,21,,1.0,18,0.7287076382384032,1.3775652985074627,2.187952769590593,4.1257995735607675,272.1821734950995,379.42888008556895,655.15283203125,0.7259184018960555,0.002789236342347734,3.4001961660001143,0.003624942607676028,77.8697426668398,26.153192884603122,1.2453901373620535,-104.02293555144291,-99.7244665060833,0.029520997777581215,1.6905004978179932,0.029320556670427322,0.03826843202114105,254.12289428710938,0.7065710710322378
2026-02-04T12:54:52,vmf,3,mnist,20,21,,1.0,19,0.727418145552512,1.380830223880597,2.169189501927097,4.188699360341151,276.01446285939164,383.2194188815444,688.1299438476562,0.7242019929066037,0.0032161526459083545,3.408739209000032,0.0036340503294243413,77.71377995970902,26.43879911094714,1.2589904338546258,-104.15257907065616,-99.76311905976314,0.02905145101249218,1.6667579412460327,0.029692500829696655,0.03701287508010864,259.93817138671875,0.7647737436749179
2026-02-04T12:54:57,vmf,3,mnist,20,21,,1.0,20,0.7277717164006684,1.3800473081023454,2.181662813686867,4.176972281449894,280.06635806606266,388.3997020274083,688.6779174804688,0.7246128405373761,0.003158875863292332,3.4108790000000226,0.0036363315565032224,77.1101192790232,26.371331816266295,1.2557777055364903,-103.48145109528949,-99.15357183954518,0.029535289853811264,1.7144057750701904,0.02900124341249466,0.03821969032287598,259.7659912109375,0.6913922012289904
2026-02-04T12:55:01,vmf,4,mnist,20,21,,1.0,1,0.970228709296166,1.03149986673774,1.013219577163013,1.884861407249467,11.555963816037819,23.787835477511766,87.1629867553711,0.9694620738659302,0.0007666354302358069,3.2305672499996945,0.003444101545841892,177.5766655988754,5.021980196047741,0.23914191409751145,-182.59864579492313,-178.3944346433992,0.02743656374514103,0.7843278050422668,0.027292069047689438,0.0380554236471653,21.14177131652832,-0.6241955875747458
2026-02-04T12:55:05,vmf,4,mnist,20,21,,1.0,2,0.8883725008881551,1.1304470948827292,1.502771568705024,2.767590618336887,42.81837751514622,62.88748761484109,165.8994903564453,0.8846057498194893,0.0037667510686658634,3.3969107500001883,0.003621440031983143,136.33033849631144,13.155443355536006,0.6264496835969526,-149.48578185184746,-143.96279450434787,0.03523610904812813,1.0749428272247314,0.033884093165397644,0.04727501422166824,60.432525634765625,-0.16395630169754805
2026-02-04T12:55:10,vmf,4,mnist,20,21,,1.0,3,0.7915204203976746,1.2680736940298507,1.9942429467304936,3.6023454157782515,86.13250584388847,115.58605142036227,230.65740966796875,0.7885977011494253,0.0029227192482492725,3.413613790999989,0.0036392471119402864,117.25928715991367,17.416884883953507,0.8293754706644527,-134.67617204386718,-129.05941772460938,0.033896706998348236,1.1277085542678833,0.03395216912031174,0.044032271951436996,97.91390228271484,0.2571193236044148
2026-02-04T12:55:14,vmf,4,mnist,20,21,,1.0,4,0.7602487777746333,1.320545708955224,2.0586352317826324,3.845415778251599,119.20908367913415,161.75582174858306,300.7161560058594,0.7572626931567329,0.0029860846179003975,3.4459677919999194,0.0036737396503197435,107.82264194367038,19.673988876828723,0.9368566131823202,-127.4966308204991,-122.23969234782419,0.03299262374639511,1.1162362098693848,0.03376719355583191,0.041489049792289734,126.04877471923828,0.5201715205197787
2026-02-04T12:55:19,vmf,4,mnist,20,21,,1.0,5,0.7508943900891265,1.3373367537313432,2.1022385879874483,3.946695095948827,139.32571472135433,189.4436464289358,336.3163757324219,0.7477548173336821,0.0031395727554444086,3.3681377500001872,0.003590765191897854,102.63038504047758,20.67450336286217,0.9845001601362937,-123.30488840333975,-117.98445741689889,0.032680489122867584,1.1745407581329346,0.03294840455055237,0.04054809734225273,140.42730712890625,0.5786251643883333
2026-02-04T12:55:23,vmf,4,mnist,20,21,,1.0,6,0.743376054490125,1.3502465351812367,2.093496603243895,3.9808102345415777,160.66131534861094,217.99971600432895,373.25982666015625,0.7406054923634928,0.002770562126632181,3.4289576250002938,0.003655605143923554,96.64093372320673,22.073525033938658,1.0511202397113646,-118.7144587571454,-113.59848173105033,0.031733255833387375,1.1790846586227417,0.03295039013028145,0.03881395235657692,162.03656005859375,0.5611944400584816
2026-02-04T12:55:27,vmf,4,mnist,20,21,,1.0,7,0.7402485544331495,1.3569929371002132,2.1317694690435935,4.085287846481877,180.82768953888655,244.8665484202696,411.7857360839844,0.7369235112873329,0.0033250431458166085,3.3866363749998527,0.00361048654051157,92.69084833230183,22.92349752195322,1.0915951200930105,-115.61434585425505,-110.77470485419984,0.030945535749197006,1.2577474117279053,0.03163299709558487,0.039576753973960876,176.8946075439453,0.6485659851994692
2026-02-04T12:55:32,vmf,4,mnist,20,21,,1.0,8,0.7362494208890208,1.3644056503198294,2.145308911419118,4.100213219616204,196.22223822750263,266.0591286047181,442.32476806640625,0.7329198613078087,0.0033295595812120604,3.4381912079998074,0.0036654490490403064,89.5579517145825,23.65980145885686,1.1266572123265173,-113.21775317343936,-108.36224690820002,0.031435221433639526,1.2793967723846436,0.031316399574279785,0.04053983837366104,192.37899780273438,0.6057862799315763
2026-02-04T12:55:36,vmf,4,mnist,20,21,,1.0,9,0.7343293886646742,1.367320762260128,2.1508526019196013,4.118336886993603,213.07062816823216,289.4148711995529,504.0942077636719,0.7313572846996332,0.0029721039650409953,3.478882832999716,0.003708830312366435,86.49732145078623,24.4443805354416,1.1640181207353142,-110.94170198622783,-106.30410523627215,0.030267108231782913,1.3161109685897827,0.03038564696907997,0.039493825286626816,208.91510009765625,0.6311088379531011
2026-02-04T12:55:41,vmf,4,mnist,20,21,,1.0,10,0.7296406185893426,1.3763326226012793,2.1668440080654903,4.119402985074627,226.5710773102002,308.8399767194475,538.5343627929688,0.726568551510457,0.003072067078885632,3.3995031250001375,0.003624203757995882,84.52840933830116,24.8771296337152,1.1846252206531047,-109.40553897201636,-104.91648072649718,0.030338048934936523,1.3271541595458984,0.03026779368519783,0.04021748527884483,218.2938232421875,0.6570225659726623
2026-02-04T12:55:45,vmf,4,mnist,20,21,,1.0,11,0.7321607303031712,1.3719349680170576,2.1757992478067685,4.101279317697228,236.77753189835212,325.2249926341368,568.8177490234375,0.7288975230694512,0.003263207233719978,3.4233687920000193,0.003649646899786801,83.49164644472158,25.227546060161227,1.2013117171505345,-108.71919250488281,-104.20152049459469,0.030350033193826675,1.384986162185669,0.03115723468363285,0.03762878477573395,227.79202270507812,0.6639690947293256
2026-02-04T12:55:50,vmf,4,mnist,20,21,,1.0,12,0.7298227666637311,1.3762326759061834,2.1755860151766715,4.150319829424307,244.03180583961992,334.60778639413144,569.8501586914062,0.7266213173884626,0.003201449275268553,3.3946661250001853,0.0036190470415780225,82.50603290727943,25.61211452362644,1.2196245011250686,-108.11814743090586,-103.68325324574853,0.029836168512701988,1.4119826555252075,0.02994130551815033,0.03866381570696831,237.12374877929688,0.6505495965901459
2026-02-04T12:55:54,vmf,4,mnist,20,21,,1.0,13,0.7289298725804718,1.3772154850746268,2.1569293251932304,4.182302771855011,248.01803144768104,340.8983872013051,586.4918823242188,0.7261027855389045,0.002827087041567311,3.416135375000067,0.0036419353678039095,81.71096417858342,25.544364904901784,1.2163983288048468,-107.25532908348521,-102.83676458468103,0.029949788004159927,1.5152560472488403,0.030478432774543762,0.03879282996058464,235.4738006591797,0.6678835825009576
2026-02-04T12:55:58,vmf,4,mnist,20,21,,1.0,14,0.730733336957547,1.3740671641791045,2.176438913162329,4.1471215351812365,253.13929644424016,348.3347804673445,609.9557495117188,0.7277664630006789,0.0029668739568681213,3.39698079100026,0.0036215147025589127,81.01789088158091,25.54987195494828,1.2166605692832515,-106.5677628365292,-102.14804339560733,0.02978524938225746,1.506218433380127,0.02977992221713066,0.03681114315986633,236.92184448242188,0.6454706126567915
2026-02-04T12:56:03,vmf,4,mnist,20,21,,1.0,15,0.7312670698611786,1.372967750533049,2.155436826921475,4.093816631130064,256.8527593388995,354.88892548323184,634.1420288085938,0.7283492271480915,0.0029178427130871487,3.4111689589999514,0.003636640681236622,80.18148881462729,25.867842012150273,1.2318020005785844,-106.04933082677756,-101.71119670503458,0.03014429286122322,1.5514085292816162,0.0309334397315979,0.03735740855336189,244.25625610351562,0.7190394580215419
2026-02-04T12:56:07,vmf,4,mnist,20,21,,1.0,16,0.7280343345347995,1.3792977078891258,2.170895200294218,4.197228144989339,262.00382771115824,362.7658849525045,648.3767700195312,0.725006642351634,0.0030276921831654535,3.470536750000065,0.003699932569296444,79.23706098422883,26.048387831183756,1.24039942053256,-105.28544881541258,-101.05815372345553,0.02917909063398838,1.6088058948516846,0.030468832701444626,0.03519628569483757,249.93154907226562,0.7440349902039295
2026-02-04T12:56:12,vmf,4,mnist,20,21,,1.0,17,0.7289107620233075,1.3778484808102345,2.1862470061540096,4.160980810234541,265.845448443122,368.1164773969508,652.4158935546875,0.7257692075197969,0.003141554503510613,3.4092447499997434,0.003634589285714012,78.94871404368406,26.228094295331626,1.248956871206268,-105.1768083390157,-100.8227249437077,0.029122518375515938,1.6161417961120605,0.02967914193868637,0.03756765276193619,253.99002075195312,0.7426687227027641
2026-02-04T12:56:16,vmf,4,mnist,20,21,,1.0,18,0.7257496299690813,1.3834788113006398,2.1894452678623484,4.180170575692964,270.33199996785567,374.3175451933448,672.6231079101562,0.7228155515152974,0.002934078453783906,3.4616992920000484,0.0036905109722815015,78.55765897908788,26.337987705400796,1.2541898907333713,-104.89564668448867,-100.45752487668565,0.029085369780659676,1.629826545715332,0.029904846101999283,0.03623723238706589,258.3795166015625,0.7220734133068398
2026-02-04T12:56:21,vmf,4,mnist,20,21,,1.0,19,0.7272068526455038,1.3817630597014925,2.1844346650373705,4.187633262260128,273.75731284786133,378.6662490942331,708.6187744140625,0.7237130801687764,0.0034937724767273304,3.4027458330001537,0.003627660802772019,78.04325147495149,26.31726481200783,1.2532030862860872,-104.36051628695931,-100.03288035787594,0.028968337923288345,1.6979453563690186,0.029116366058588028,0.03676595911383629,259.4141845703125,0.6968558603855437
2026-02-04T12:56:25,vmf,4,mnist,20,21,,1.0,20,0.7285434896666806,1.3779650852878464,2.1759058905562867,4.186567164179104,277.041553944667,383.33647334702744,709.3326416015625,0.7257077923647881,0.0028356973018924814,3.4469378329999927,0.0036747738091684355,77.57228025205576,26.4644342653311,1.260211155491957,-104.03671451738686,-99.71250308091473,0.029247820377349854,1.7085919380187988,0.02973916009068489,0.036523059010505676,262.69549560546875,0.7149747185558576
